insert into funcionario (CPF, nome, dataNasc, genero, estadoCivil,
	email, carteiraTrab, cargaHoraria, salario, chavePIX, `status`)
    value ("108.801.888-11", "Renata Santos", '1995-12-16', 
		"Feminino", "Casada", "renata.santos@gmail.com", 
        "321456-98", 40, 2654.30, "108.801.888-11", 1);
        
insert into funcionario (CPF, nome, dataNasc, genero, estadoCivil,
	email, carteiraTrab, cargaHoraria, salario, chavePIX, `status`)
    values ("014.140.410-44", "Aline Souza", '1988-05-17', 
		"Feminino", "Casada", "aline.souza@gmail.com", 
        "987456-98", 40, 2856.30, "014.140.410-44", 1),
        
        ("134.341.431-11", "Lucas Ferreira", '2007-06-14', 
		"Masculino", "Solteiro", "lucas.ferreira@gmail.com", 
        "456123-58", 40, 1856.30, "134.341.431-11", 1),
        
        ("134.411.311-44", "Pedro Leão", '2005-03-18', 
		"Masculino", "Solteiro", "pedro.lion@gmail.com", 
        "147852-58", 40, 2556.30, "134.411.311-44", 1);
        
INSERT INTO funcionario (CPF, nome, dataNasc, genero, estadoCivil,
	email, carteiraTrab, cargaHoraria, salario, chavePIX, `status`)
	VALUES 
	("021.547.863-00", "Juliana Lima", '1992-08-23', "Feminino", "Solteira", "juliana.lima@hotmail.com", "369852-77", 40, 3050.00, "juliana.lima@gmail.com", 1),
	("088.998.657-22", "Marcelo Costa", '1985-12-02', "Masculino", "Casado", "marcelo.costa@empresa.com", "258741-36", 40, 4100.00, "marcelo_pix@gmail.com", 1),
	("089.007.654-77", "Patrícia Andrade", '1990-04-12', "Feminino", "Divorciada", "patricia.andrade@yahoo.com", "456321-88", 40, 3780.75, "patricia.andrade@pix.com", 1),
	("067.789.321-90", "Renato Silva", '1994-10-09', "Masculino", "Solteiro", "renato.silva@gmail.com", "321654-77", 40, 2890.00, "067.789.321-90", 1),
	("055.123.789-22", "Ana Beatriz Ramos", '1997-07-21', "Feminino", "Solteira", "ana.ramos@empresa.com.br", "852741-96", 40, 3400.00, "beatriz.ramos@pix.com", 1),
	("099.888.777-66", "Carlos Henrique", '1983-01-11', "Masculino", "Casado", "carlos.henrique@exemplo.com", "963258-14", 40, 4300.00, "099.888.777-66", 1),
	("088.441.998-31", "Fernanda Oliveira", '1995-05-29', "Feminino", "Solteira", "fernanda.oliveira@gmail.com", "741852-33", 40, 2980.50, "fernanda_oli@pix.com", 1),
	("011.345.987-44", "João Victor Nunes", '1986-11-05', "Masculino", "Casado", "joao.v.nunes@empresa.com", "456789-77", 40, 3920.90, "011.345.987-44", 1),
	("065.874.321-56", "Mariana Ribeiro", '1991-02-28', "Feminino", "Solteira", "mariana.ribeiro@empresa.com", "332211-77", 40, 3010.10, "mariana_pix@hotmail.com", 1),
	("078.321.654-99", "Tiago Martins", '1989-09-19', "Masculino", "Casado", "tiago.martins@empresa.com.br", "111222-33", 40, 3850.00, "078.321.654-99", 1),
	("012.147.258-63", "Camila Duarte", '1996-06-03', "Feminino", "Solteira", "camila.duarte@gmail.com", "753951-44", 40, 3200.00, "camila.duarte@pix.com", 1),
	("099.321.456-10", "Bruno Almeida", '1984-03-30', "Masculino", "Casado", "bruno.almeida@empresa.com", "963741-66", 40, 4200.00, "099.321.456-10", 1),
	("022.998.741-55", "Letícia Mendes", '1993-12-15', "Feminino", "Solteira", "leticia.mendes@gmail.com", "147963-22", 40, 3120.75, "leticia.pix@banco.com", 1),
	("033.741.852-96", "Gabriel Rocha", '1987-07-07', "Masculino", "Casado", "gabriel.rocha@empresa.com", "789456-13", 40, 3999.90, "033.741.852-96", 1),
	("044.852.963-74", "Isabela Ferreira", '1998-10-25', "Feminino", "Solteira", "isabela.ferreira@empresa.com", "369741-88", 40, 2800.00, "isabela.pix@pixmail.com", 1),
	("055.963.147-82", "Felipe Gomes", '1990-01-02', "Masculino", "Divorciado", "felipe.gomes@empresa.com", "456852-99", 40, 3680.60, "055.963.147-82", 1),
	("066.147.963-33", "Larissa Pinto", '1994-04-14', "Feminino", "Casada", "larissa.pinto@empresa.com", "987123-55", 40, 3150.00, "larissa.pinto@pix.com", 1),
	("077.321.654-00", "Rodrigo Menezes", '1982-08-20', "Masculino", "Casado", "rodrigo.menezes@empresa.com", "321987-44", 40, 4450.00, "077.321.654-00", 1);
        
insert into endereco 
	values ("108.801.888-11", "PE", "Recife", "Várzea", "Rua Major Ribeiro Pinheiro",
		201, "Bloco C, Ap 302", "50780-780"),
        ("014.140.410-44", "PE", "Recife", "Boa Viagem", "Rua Americo Freitas",
		1320, "Ap 1302", "50070-700"),
        ("134.341.431-11", "PE", "Recife", "Ibiribeira", "Rua Barão dos Palmares",
		401, null, "52170-720"),
        ("134.411.311-44", "PE", "Jaboatão dos Guararapes", "Candeias", 
        "Rua Garcilandia", 145, null, "54180-190");

INSERT INTO endereco 
	VALUES 
	("021.547.863-00", "PE", "Recife", "Graças", "Rua da Harmonia", 580, "Casa 2", "52011-150"),
	("088.998.657-22", "PE", "Jaboatão dos Guararapes", "Piedade", "Av. Bernardo Vieira de Melo", 1020, "Bloco B, Ap 204", "54400-000"),
	("089.007.654-77", "PE", "Olinda", "Bairro Novo", "Rua do Sol", 330, NULL, "53030-010"),
	("067.789.321-90", "PE", "Recife", "Tamarineira", "Rua Padre Roma", 210, "Ap 101", "52041-390"),
	("055.123.789-22", "PE", "Camaragibe", "Timbi", "Rua do Futuro", 145, NULL, "54762-100"),
	("099.888.777-66", "PE", "Recife", "Derby", "Rua Gervásio Pires", 199, "Bloco A, Ap 601", "50050-070"),
	("088.441.998-31", "PE", "Recife", "Madalena", "Rua Real da Torre", 512, NULL, "50720-100"),
	("011.345.987-44", "PE", "Jaboatão dos Guararapes", "Barra de Jangada", "Rua B", 950, "Casa", "54493-410"),
	("065.874.321-56", "PE", "Recife", "Espinheiro", "Rua Conselheiro Portela", 302, "Ap 501", "52020-030"),
	("078.321.654-99", "PE", "Olinda", "Rio Doce", "Rua das Flores", 180, NULL, "53260-180"),
	("012.147.258-63", "PE", "Paulista", "Janga", "Rua Atlântico", 111, "Bloco 1, Ap 104", "53439-100"),
	("099.321.456-10", "PE", "Recife", "Boa Vista", "Rua do Hospício", 430, "Sala 05", "50070-050"),
	("022.998.741-55", "PE", "Recife", "Casa Forte", "Rua Dona Olegarinha da Cunha", 77, NULL, "52060-000"),
	("033.741.852-96", "PE", "Recife", "Imbiribeira", "Rua Jean Emile Favre", 405, "Galpão 2", "51190-660"),
	("044.852.963-74", "PE", "Olinda", "Varadouro", "Rua do Bonfim", 90, NULL, "53020-030"),
	("055.963.147-82", "PE", "Jaboatão dos Guararapes", "Prazeres", "Rua das Acácias", 66, "Casa B", "54330-070"),
	("066.147.963-33", "PE", "Recife", "Aflitos", "Rua Barão de Contendas", 320, "Ap 1201", "52050-350"),
	("077.321.654-00", "PE", "Cabo de Santo Agostinho", "Centro", "Rua XV de Novembro", 700, NULL, "54515-000");
        
insert into telefone (numero, funcionario_cpf)
	values ("81995119511", "108.801.888-11"),
		("81988329511", "108.801.888-11"),
        ("81981707081", "014.140.410-44"),
        ("81996819681", "134.341.431-11"),
        ("81996189618", "134.411.311-44"),
        ("81981909081", "134.411.311-44");

INSERT INTO telefone (numero, funcionario_cpf)
	VALUES 
	("81999998822", "021.547.863-00"),
	("81991112233", "088.998.657-22"),
	("81992223344", "089.007.654-77"),
	("81993334455", "067.789.321-90"),
	("81994445566", "055.123.789-22"),
	("81995556677", "099.888.777-66"),
	("81996667788", "088.441.998-31"),
	("81997778899", "011.345.987-44"),
	("81998889900", "065.874.321-56"),
	("81990001122", "078.321.654-99"),
	("81991110022", "012.147.258-63"),
	("81992220033", "099.321.456-10"),
	("81993330044", "022.998.741-55"),
	("81994440055", "033.741.852-96"),
	("81995550066", "044.852.963-74"),
	("81996660077", "055.963.147-82"),
	("81997770088", "066.147.963-33"),
	("81998880099", "077.321.654-00");

insert into dependente
	value ("014.140.410-88", "Felipe Diogo Souza", '2010-09-17', "Filho", "014.140.410-44");

insert into dependente
	values ("014.140.410-77", "Maria José Souza", '2015-02-16', "Filha", "014.140.410-44"),
		("012.147.258-88", "Diogo Duarte", '2020-06-17', "Filho", "012.147.258-63"),
        ("012.147.258-77", "Diego Duarte", '2021-07-17', "Filho", "012.147.258-63"),
        ("012.147.258-66", "Daniel Duarte", '2023-08-17', "Filho", "012.147.258-63"),
        ("044.852.963-88", "Juliana Ferreira", '2022-01-10', "Filha", "044.852.963-74"),
        ("044.852.963-77", "Juliane Ferreira", '2024-06-08', "Filha", "044.852.963-74"),
        ("108.801.888-22", "Rafael Santos", '2023-11-08', "Filho", "108.801.888-11"),
        ("077.321.654-22", "Rafael Menezes", '2021-10-08', "Filho", "077.321.654-00"),
        ("077.321.654-33", "Raquel Menezes", '2022-12-08', "Filha", "077.321.654-00"),
        ("077.321.654-44", "Rômulo Menezes", '2023-09-08', "Filho", "077.321.654-00"),
        ("134.411.311-11", "Paulo Leão", '2021-09-07', "Filho", "134.411.311-44"),
        ("134.411.311-22", "Polônio Leão", '2021-09-07', "Filho", "134.411.311-44"),
        ("134.411.311-33", "Pâmella Leão", '2023-10-12', "Filha", "134.411.311-44"),
        ("134.411.311-44", "Paloma Leão", '2023-10-12', "Filha", "134.411.311-44"),
        ("066.147.963-33", "Laura Pinto", '2018-12-08', "Filha", "066.147.963-33"),
        ("066.147.963-44", "Luis Pinto", '2020-09-07', "Filho", "066.147.963-33");
        
INSERT INTO OcorrenciaInterna (dataHora, descricao, gravidade, funcionario_cpf) VALUES
('2023-01-12 08:20:00', 'Chegou 20 minutos atrasado devido a problemas no transporte público.', 'Baixa', '108.801.888-11'),
('2023-02-05 14:30:00', 'Recebeu elogio de hóspedes pela cordialidade no atendimento.', 'Baixa', '108.801.888-11'),
('2023-03-08 09:00:00', 'Faltou ao trabalho sem aviso prévio.', 'Alta', '108.801.888-11'),
('2023-04-15 10:15:00', 'Participou de treinamento sobre atendimento ao cliente.', 'Baixa', '077.321.654-00'),
('2023-05-02 18:00:00', 'Auxiliou em evento especial de casamento realizado na pousada.', 'Média', '077.321.654-00'),
('2023-06-18 21:00:00', 'Realizou 2 horas extras para cobrir ausência de colega.', 'Média', '077.321.654-00'),
('2023-07-22 11:30:00', 'Recebeu reclamação de cliente sobre demora no serviço.', 'Média', '014.140.410-44'),
('2023-08-30 08:00:00', 'Faltou ao trabalho por motivos de saúde, apresentou atestado.', 'Baixa', '014.140.410-44'),
('2023-09-10 16:00:00', 'Participou de treinamento sobre uso do sistema de reservas.', 'Baixa', '099.888.777-66'),
('2023-10-05 08:15:00', 'Chegou 15 minutos atrasado devido ao trânsito intenso.', 'Baixa', '099.888.777-66'),
('2023-11-18 19:30:00', 'Recebeu elogio de cliente estrangeiro pela atenção e simpatia.', 'Baixa', '099.888.777-66'),
('2024-01-10 09:00:00', 'Faltou ao trabalho sem justificativa.', 'Alta', '077.321.654-00'),
('2024-02-14 13:45:00', 'Participou de curso interno sobre higiene e segurança.', 'Baixa', '014.140.410-44'),
('2024-03-19 20:00:00', 'Realizou 3 horas extras para auxiliar na recepção.', 'Média', '134.341.431-11'),
('2024-04-22 17:30:00', 'Recebeu elogio de casal em viagem de lua de mel.', 'Baixa', '134.341.431-11'),
('2024-05-05 08:30:00', 'Chegou atrasado em 30 minutos por problemas familiares.', 'Média', '108.801.888-11'),
('2024-06-17 09:00:00', 'Participou do treinamento anual sobre segurança do trabalho.', 'Baixa', '077.321.654-00'),
('2024-07-08 12:15:00', 'Recebeu reclamação de cliente sobre atraso na limpeza do quarto.', 'Média', '014.140.410-44'),
('2024-08-12 08:00:00', 'Faltou ao trabalho por consulta médica, apresentou atestado.', 'Baixa', '099.888.777-66'),
('2024-09-02 19:00:00', 'Auxiliou em evento corporativo realizado na pousada.', 'Média', '099.888.777-66'),
('2024-10-18 22:00:00', 'Realizou 1 hora extra para finalizar relatórios.', 'Baixa', '108.801.888-11'),
('2024-11-05 15:00:00', 'Recebeu elogio de família sobre simpatia no atendimento.', 'Baixa', '077.321.654-00'),
('2024-12-15 09:00:00', 'Faltou ao trabalho sem aviso.', 'Alta', '014.140.410-44'),
('2025-01-09 11:00:00', 'Participou de treinamento sobre gestão de conflitos.', 'Baixa', '099.888.777-66'),
('2025-02-22 08:10:00', 'Chegou 10 minutos atrasado por trânsito.', 'Baixa', '134.341.431-11'),
('2025-03-18 13:30:00', 'Recebeu reclamação de cliente sobre demora no check-in.', 'Média', '108.801.888-11'),
('2025-04-10 21:00:00', 'Realizou 2 horas extras para apoio na recepção.', 'Média', '077.321.654-00'),
('2025-05-06 08:00:00', 'Faltou por motivos de saúde, apresentou atestado médico.', 'Baixa', '014.140.410-44'),
('2025-05-28 20:00:00', 'Auxiliou em evento de formatura realizado na pousada.', 'Média', '099.888.777-66'),
('2025-06-12 16:00:00', 'Recebeu elogio de cliente por excelente organização.', 'Baixa', '134.341.431-11'),
('2025-06-30 08:25:00', 'Chegou atrasado em 25 minutos.', 'Baixa', '108.801.888-11'),
('2025-07-15 10:00:00', 'Participou de curso de primeiros socorros oferecido pela pousada.', 'Baixa', '077.321.654-00'),
('2025-07-29 23:00:00', 'Realizou 3 horas extras durante evento festivo.', 'Média', '014.140.410-44'),
('2025-08-05 09:00:00', 'Recebeu reclamação de cliente sobre falta de atenção.', 'Média', '099.888.777-66'),
('2025-08-19 08:00:00', 'Faltou ao trabalho sem justificativa.', 'Alta', '134.341.431-11'),
('2025-08-27 17:30:00', 'Recebeu elogio de grupo de turistas pela simpatia.', 'Baixa', '134.341.431-11'),
('2023-01-25 08:15:00', 'Chegou 15 minutos atrasado por atraso de ônibus.', 'Baixa', '014.140.410-44'),
('2023-02-12 18:00:00', 'Recebeu elogio em pesquisa de satisfação.', 'Baixa', '014.140.410-44'),
('2023-03-01 09:00:00', 'Faltou sem aviso prévio.', 'Alta', '099.888.777-66'),
('2023-04-20 15:00:00', 'Participou de treinamento em gestão de reservas.', 'Baixa', '099.888.777-66'),
('2023-05-18 19:30:00', 'Auxiliou na organização de evento de aniversário.', 'Média', '108.801.888-11'),
('2023-06-22 21:00:00', 'Realizou 1 hora extra para fechamento de caixa.', 'Baixa', '077.321.654-00'),
('2023-07-09 11:00:00', 'Recebeu reclamação de hóspede sobre barulho em área comum.', 'Média', '014.140.410-44'),
('2023-08-11 08:00:00', 'Faltou por motivos de saúde, apresentou atestado.', 'Baixa', '099.888.777-66'),
('2023-09-14 14:00:00', 'Participou de palestra sobre qualidade no atendimento.', 'Baixa', '134.341.431-11'),
('2023-10-03 08:20:00', 'Chegou atrasado em 20 minutos devido a engarrafamento.', 'Baixa', '134.341.431-11'),
('2023-11-25 20:00:00', 'Recebeu elogio de cliente em rede social.', 'Baixa', '108.801.888-11'),
('2023-12-18 09:00:00', 'Faltou ao trabalho sem justificativa.', 'Alta', '077.321.654-00');

INSERT INTO RegistroPonto (dataHora, tipoES, justificativa, Funcionario_CPF) VALUES
('2025-01-01 08:08:00', 'Entrada', NULL, '108.801.888-11'),
('2025-01-01 11:58:00', 'Saída', 'Intervalo para almoço', '108.801.888-11'),
('2025-01-01 12:56:00', 'Entrada', NULL, '108.801.888-11'),
('2025-01-01 16:59:00', 'Saída', NULL, '108.801.888-11'),
('2025-01-01 07:53:00', 'Entrada', NULL, '077.321.654-00'),
('2025-01-01 11:53:00', 'Saída', 'Intervalo para almoço', '077.321.654-00'),
('2025-01-01 12:59:00', 'Entrada', NULL, '077.321.654-00'),
('2025-01-01 17:06:00', 'Saída', NULL, '077.321.654-00'),
('2025-01-01 07:51:00', 'Entrada', NULL, '014.140.410-44'),
('2025-01-01 11:58:00', 'Saída', 'Intervalo para almoço', '014.140.410-44'),
('2025-01-01 12:52:00', 'Entrada', NULL, '014.140.410-44'),
('2025-01-01 17:01:00', 'Saída', NULL, '014.140.410-44'),
('2025-01-01 08:07:00', 'Entrada', NULL, '099.888.777-66'),
('2025-01-01 12:05:00', 'Saída', 'Intervalo para almoço', '099.888.777-66'),
('2025-01-01 12:54:00', 'Entrada', NULL, '099.888.777-66'),
('2025-01-01 16:56:00', 'Saída', NULL, '099.888.777-66'),
('2025-01-01 08:01:00', 'Entrada', NULL, '134.341.431-11'),
('2025-01-01 11:51:00', 'Saída', 'Intervalo para almoço', '134.341.431-11'),
('2025-01-01 12:55:00', 'Entrada', NULL, '134.341.431-11'),
('2025-01-01 17:09:00', 'Saída', NULL, '134.341.431-11'),
('2025-01-02 08:03:00', 'Entrada', NULL, '108.801.888-11'),
('2025-01-02 12:10:00', 'Saída', 'Intervalo para almoço', '108.801.888-11'),
('2025-01-02 12:51:00', 'Entrada', NULL, '108.801.888-11'),
('2025-01-02 17:09:00', 'Saída', NULL, '108.801.888-11'),
('2025-01-02 08:06:00', 'Entrada', NULL, '077.321.654-00'),
('2025-01-02 12:07:00', 'Saída', 'Intervalo para almoço', '077.321.654-00'),
('2025-01-02 13:00:00', 'Entrada', NULL, '077.321.654-00'),
('2025-01-02 17:02:00', 'Saída', NULL, '077.321.654-00'),
('2025-01-02 07:54:00', 'Entrada', NULL, '014.140.410-44'),
('2025-01-02 11:59:00', 'Saída', 'Intervalo para almoço', '014.140.410-44'),
('2025-01-02 12:52:00', 'Entrada', NULL, '014.140.410-44'),
('2025-01-02 16:53:00', 'Saída', NULL, '014.140.410-44'),
('2025-01-02 08:03:00', 'Entrada', NULL, '099.888.777-66'),
('2025-01-02 11:57:00', 'Saída', 'Intervalo para almoço', '099.888.777-66'),
('2025-01-02 13:10:00', 'Entrada', NULL, '099.888.777-66'),
('2025-01-02 16:59:00', 'Saída', NULL, '099.888.777-66'),
('2025-01-02 07:55:00', 'Entrada', NULL, '134.341.431-11'),
('2025-01-02 12:07:00', 'Saída', 'Intervalo para almoço', '134.341.431-11'),
('2025-01-02 13:03:00', 'Entrada', NULL, '134.341.431-11'),
('2025-01-02 17:05:00', 'Saída', NULL, '134.341.431-11'),
('2025-01-03 07:55:00', 'Entrada', NULL, '108.801.888-11'),
('2025-01-03 12:08:00', 'Saída', 'Intervalo para almoço', '108.801.888-11'),
('2025-01-03 13:08:00', 'Entrada', NULL, '108.801.888-11'),
('2025-01-03 17:06:00', 'Saída', NULL, '108.801.888-11'),
('2025-01-03 08:01:00', 'Entrada', NULL, '077.321.654-00'),
('2025-01-03 12:01:00', 'Saída', 'Intervalo para almoço', '077.321.654-00'),
('2025-01-03 13:00:00', 'Entrada', NULL, '077.321.654-00'),
('2025-01-03 16:55:00', 'Saída', NULL, '077.321.654-00'),
('2025-01-03 08:09:00', 'Entrada', NULL, '014.140.410-44'),
('2025-01-03 12:03:00', 'Saída', 'Intervalo para almoço', '014.140.410-44'),
('2025-01-03 13:05:00', 'Entrada', NULL, '014.140.410-44'),
('2025-01-03 16:53:00', 'Saída', NULL, '014.140.410-44'),
('2025-01-03 07:57:00', 'Entrada', NULL, '099.888.777-66'),
('2025-01-03 12:06:00', 'Saída', 'Intervalo para almoço', '099.888.777-66'),
('2025-01-03 13:03:00', 'Entrada', NULL, '099.888.777-66'),
('2025-01-03 16:52:00', 'Saída', NULL, '099.888.777-66'),
('2025-01-03 08:09:00', 'Entrada', NULL, '134.341.431-11'),
('2025-01-03 11:54:00', 'Saída', 'Intervalo para almoço', '134.341.431-11'),
('2025-01-03 12:55:00', 'Entrada', NULL, '134.341.431-11'),
('2025-01-03 17:01:00', 'Saída', NULL, '134.341.431-11'),
('2025-01-06 07:57:00', 'Entrada', NULL, '108.801.888-11'),
('2025-01-06 11:57:00', 'Saída', 'Intervalo para almoço', '108.801.888-11'),
('2025-01-06 12:50:00', 'Entrada', NULL, '108.801.888-11'),
('2025-01-06 17:02:00', 'Saída', NULL, '108.801.888-11'),
('2025-01-06 08:09:00', 'Entrada', NULL, '077.321.654-00'),
('2025-01-06 12:05:00', 'Saída', 'Intervalo para almoço', '077.321.654-00'),
('2025-01-06 12:57:00', 'Entrada', NULL, '077.321.654-00'),
('2025-01-06 16:54:00', 'Saída', NULL, '077.321.654-00'),
('2025-01-06 08:09:00', 'Entrada', NULL, '014.140.410-44'),
('2025-01-06 12:03:00', 'Saída', 'Intervalo para almoço', '014.140.410-44'),
('2025-01-06 13:09:00', 'Entrada', NULL, '014.140.410-44'),
('2025-01-06 17:05:00', 'Saída', NULL, '014.140.410-44'),
('2025-01-06 07:55:00', 'Entrada', NULL, '099.888.777-66'),
('2025-01-06 11:59:00', 'Saída', 'Intervalo para almoço', '099.888.777-66'),
('2025-01-06 13:09:00', 'Entrada', NULL, '099.888.777-66'),
('2025-01-06 16:52:00', 'Saída', NULL, '099.888.777-66'),
('2025-01-06 07:51:00', 'Entrada', NULL, '134.341.431-11'),
('2025-01-06 11:52:00', 'Saída', 'Intervalo para almoço', '134.341.431-11'),
('2025-01-06 13:10:00', 'Entrada', NULL, '134.341.431-11'),
('2025-01-06 17:07:00', 'Saída', NULL, '134.341.431-11'),
('2025-01-07 07:53:00', 'Entrada', NULL, '108.801.888-11'),
('2025-01-07 12:00:00', 'Saída', 'Intervalo para almoço', '108.801.888-11'),
('2025-01-07 12:53:00', 'Entrada', NULL, '108.801.888-11'),
('2025-01-07 16:59:00', 'Saída', NULL, '108.801.888-11'),
('2025-01-07 08:02:00', 'Entrada', NULL, '077.321.654-00'),
('2025-01-07 11:52:00', 'Saída', 'Intervalo para almoço', '077.321.654-00'),
('2025-01-07 13:04:00', 'Entrada', NULL, '077.321.654-00'),
('2025-01-07 17:02:00', 'Saída', NULL, '077.321.654-00'),
('2025-01-07 08:03:00', 'Entrada', NULL, '014.140.410-44'),
('2025-01-07 12:01:00', 'Saída', 'Intervalo para almoço', '014.140.410-44'),
('2025-01-07 13:02:00', 'Entrada', NULL, '014.140.410-44'),
('2025-01-07 16:55:00', 'Saída', NULL, '014.140.410-44'),
('2025-01-07 07:55:00', 'Entrada', NULL, '099.888.777-66'),
('2025-01-07 11:50:00', 'Saída', 'Intervalo para almoço', '099.888.777-66'),
('2025-01-07 12:52:00', 'Entrada', NULL, '099.888.777-66'),
('2025-01-07 16:57:00', 'Saída', NULL, '099.888.777-66'),
('2025-01-07 07:55:00', 'Entrada', NULL, '134.341.431-11'),
('2025-01-07 12:07:00', 'Saída', 'Intervalo para almoço', '134.341.431-11'),
('2025-01-07 13:02:00', 'Entrada', NULL, '134.341.431-11'),
('2025-01-07 17:10:00', 'Saída', NULL, '134.341.431-11'),
('2025-01-08 08:02:00', 'Entrada', NULL, '108.801.888-11'),
('2025-01-08 12:03:00', 'Saída', 'Intervalo para almoço', '108.801.888-11'),
('2025-01-08 13:10:00', 'Entrada', NULL, '108.801.888-11'),
('2025-01-08 17:02:00', 'Saída', NULL, '108.801.888-11'),
('2025-01-08 07:59:00', 'Entrada', NULL, '077.321.654-00'),
('2025-01-08 12:04:00', 'Saída', 'Intervalo para almoço', '077.321.654-00'),
('2025-01-08 12:54:00', 'Entrada', NULL, '077.321.654-00'),
('2025-01-08 17:07:00', 'Saída', NULL, '077.321.654-00'),
('2025-01-08 07:51:00', 'Entrada', NULL, '014.140.410-44'),
('2025-01-08 11:56:00', 'Saída', 'Intervalo para almoço', '014.140.410-44'),
('2025-01-08 12:57:00', 'Entrada', NULL, '014.140.410-44'),
('2025-01-08 16:50:00', 'Saída', NULL, '014.140.410-44'),
('2025-01-08 07:51:00', 'Entrada', NULL, '099.888.777-66'),
('2025-01-08 12:06:00', 'Saída', 'Intervalo para almoço', '099.888.777-66'),
('2025-01-08 13:05:00', 'Entrada', NULL, '099.888.777-66'),
('2025-01-08 16:55:00', 'Saída', NULL, '099.888.777-66'),
('2025-01-08 08:03:00', 'Entrada', NULL, '134.341.431-11'),
('2025-01-08 12:01:00', 'Saída', 'Intervalo para almoço', '134.341.431-11'),
('2025-01-08 12:52:00', 'Entrada', NULL, '134.341.431-11'),
('2025-01-08 17:03:00', 'Saída', NULL, '134.341.431-11'),
('2025-01-09 07:59:00', 'Entrada', NULL, '108.801.888-11'),
('2025-01-09 11:54:00', 'Saída', 'Intervalo para almoço', '108.801.888-11'),
('2025-01-09 13:05:00', 'Entrada', NULL, '108.801.888-11'),
('2025-01-09 16:58:00', 'Saída', NULL, '108.801.888-11'),
('2025-01-09 08:01:00', 'Entrada', NULL, '077.321.654-00'),
('2025-01-09 12:08:00', 'Saída', 'Intervalo para almoço', '077.321.654-00'),
('2025-01-09 12:58:00', 'Entrada', NULL, '077.321.654-00'),
('2025-01-09 17:02:00', 'Saída', NULL, '077.321.654-00'),
('2025-01-09 08:08:00', 'Entrada', NULL, '014.140.410-44'),
('2025-01-09 12:08:00', 'Saída', 'Intervalo para almoço', '014.140.410-44'),
('2025-01-09 12:55:00', 'Entrada', NULL, '014.140.410-44'),
('2025-01-09 17:04:00', 'Saída', NULL, '014.140.410-44'),
('2025-01-09 07:51:00', 'Entrada', NULL, '099.888.777-66'),
('2025-01-09 12:07:00', 'Saída', 'Intervalo para almoço', '099.888.777-66'),
('2025-01-09 12:50:00', 'Entrada', NULL, '099.888.777-66'),
('2025-01-09 17:07:00', 'Saída', NULL, '099.888.777-66'),
('2025-01-09 07:56:00', 'Entrada', NULL, '134.341.431-11'),
('2025-01-09 11:54:00', 'Saída', 'Intervalo para almoço', '134.341.431-11'),
('2025-01-09 12:52:00', 'Entrada', NULL, '134.341.431-11'),
('2025-01-09 16:58:00', 'Saída', NULL, '134.341.431-11'),
('2025-01-10 08:09:00', 'Entrada', NULL, '108.801.888-11'),
('2025-01-10 12:09:00', 'Saída', 'Intervalo para almoço', '108.801.888-11'),
('2025-01-10 12:56:00', 'Entrada', NULL, '108.801.888-11'),
('2025-01-10 16:55:00', 'Saída', NULL, '108.801.888-11'),
('2025-01-10 07:56:00', 'Entrada', NULL, '077.321.654-00'),
('2025-01-10 12:02:00', 'Saída', 'Intervalo para almoço', '077.321.654-00'),
('2025-01-10 12:54:00', 'Entrada', NULL, '077.321.654-00'),
('2025-01-10 16:50:00', 'Saída', NULL, '077.321.654-00'),
('2025-01-10 07:52:00', 'Entrada', NULL, '014.140.410-44'),
('2025-01-10 11:57:00', 'Saída', 'Intervalo para almoço', '014.140.410-44'),
('2025-01-10 12:56:00', 'Entrada', NULL, '014.140.410-44'),
('2025-01-10 16:53:00', 'Saída', NULL, '014.140.410-44'),
('2025-01-10 08:03:00', 'Entrada', NULL, '099.888.777-66'),
('2025-01-10 11:51:00', 'Saída', 'Intervalo para almoço', '099.888.777-66'),
('2025-01-10 13:08:00', 'Entrada', NULL, '099.888.777-66'),
('2025-01-10 16:57:00', 'Saída', NULL, '099.888.777-66'),
('2025-01-10 07:51:00', 'Entrada', NULL, '134.341.431-11'),
('2025-01-10 12:01:00', 'Saída', 'Intervalo para almoço', '134.341.431-11'),
('2025-01-10 13:05:00', 'Entrada', NULL, '134.341.431-11'),
('2025-01-10 16:58:00', 'Saída', NULL, '134.341.431-11'),
('2025-01-13 07:51:00', 'Entrada', NULL, '108.801.888-11'),
('2025-01-13 12:03:00', 'Saída', 'Intervalo para almoço', '108.801.888-11'),
('2025-01-13 13:01:00', 'Entrada', NULL, '108.801.888-11'),
('2025-01-13 17:10:00', 'Saída', NULL, '108.801.888-11'),
('2025-01-13 07:58:00', 'Entrada', NULL, '077.321.654-00'),
('2025-01-13 12:10:00', 'Saída', 'Intervalo para almoço', '077.321.654-00'),
('2025-01-13 13:05:00', 'Entrada', NULL, '077.321.654-00'),
('2025-01-13 17:02:00', 'Saída', NULL, '077.321.654-00'),
('2025-01-13 08:07:00', 'Entrada', NULL, '014.140.410-44'),
('2025-01-13 12:01:00', 'Saída', 'Intervalo para almoço', '014.140.410-44'),
('2025-01-13 13:07:00', 'Entrada', NULL, '014.140.410-44'),
('2025-01-13 16:57:00', 'Saída', NULL, '014.140.410-44'),
('2025-01-13 07:53:00', 'Entrada', NULL, '099.888.777-66'),
('2025-01-13 11:50:00', 'Saída', 'Intervalo para almoço', '099.888.777-66'),
('2025-01-13 12:50:00', 'Entrada', NULL, '099.888.777-66'),
('2025-01-13 16:57:00', 'Saída', NULL, '099.888.777-66'),
('2025-01-13 08:05:00', 'Entrada', NULL, '134.341.431-11'),
('2025-01-13 11:53:00', 'Saída', 'Intervalo para almoço', '134.341.431-11'),
('2025-01-13 13:10:00', 'Entrada', NULL, '134.341.431-11'),
('2025-01-13 16:52:00', 'Saída', NULL, '134.341.431-11'),
('2025-01-14 08:08:00', 'Entrada', NULL, '108.801.888-11'),
('2025-01-14 11:52:00', 'Saída', 'Intervalo para almoço', '108.801.888-11'),
('2025-01-14 13:02:00', 'Entrada', NULL, '108.801.888-11'),
('2025-01-14 16:57:00', 'Saída', NULL, '108.801.888-11'),
('2025-01-14 07:52:00', 'Entrada', NULL, '077.321.654-00'),
('2025-01-14 11:51:00', 'Saída', 'Intervalo para almoço', '077.321.654-00'),
('2025-01-14 13:09:00', 'Entrada', NULL, '077.321.654-00'),
('2025-01-14 16:50:00', 'Saída', NULL, '077.321.654-00'),
('2025-01-14 07:51:00', 'Entrada', NULL, '014.140.410-44'),
('2025-01-14 12:10:00', 'Saída', 'Intervalo para almoço', '014.140.410-44'),
('2025-01-14 13:03:00', 'Entrada', NULL, '014.140.410-44'),
('2025-01-14 17:04:00', 'Saída', NULL, '014.140.410-44'),
('2025-01-14 07:58:00', 'Entrada', NULL, '099.888.777-66'),
('2025-01-14 11:50:00', 'Saída', 'Intervalo para almoço', '099.888.777-66'),
('2025-01-14 12:51:00', 'Entrada', NULL, '099.888.777-66'),
('2025-01-14 17:01:00', 'Saída', NULL, '099.888.777-66'),
('2025-01-14 07:55:00', 'Entrada', NULL, '134.341.431-11'),
('2025-01-14 12:00:00', 'Saída', 'Intervalo para almoço', '134.341.431-11'),
('2025-01-14 12:58:00', 'Entrada', NULL, '134.341.431-11'),
('2025-01-14 17:00:00', 'Saída', NULL, '134.341.431-11'),
('2025-01-15 07:53:00', 'Entrada', NULL, '108.801.888-11'),
('2025-01-15 11:55:00', 'Saída', 'Intervalo para almoço', '108.801.888-11'),
('2025-01-15 12:57:00', 'Entrada', NULL, '108.801.888-11'),
('2025-01-15 17:06:00', 'Saída', NULL, '108.801.888-11'),
('2025-01-15 07:54:00', 'Entrada', NULL, '077.321.654-00'),
('2025-01-15 12:07:00', 'Saída', 'Intervalo para almoço', '077.321.654-00'),
('2025-01-15 13:08:00', 'Entrada', NULL, '077.321.654-00'),
('2025-01-15 16:51:00', 'Saída', NULL, '077.321.654-00'),
('2025-01-15 08:01:00', 'Entrada', NULL, '014.140.410-44'),
('2025-01-15 12:01:00', 'Saída', 'Intervalo para almoço', '014.140.410-44'),
('2025-01-15 13:01:00', 'Entrada', NULL, '014.140.410-44'),
('2025-01-15 16:52:00', 'Saída', NULL, '014.140.410-44'),
('2025-01-15 08:06:00', 'Entrada', NULL, '099.888.777-66'),
('2025-01-15 12:05:00', 'Saída', 'Intervalo para almoço', '099.888.777-66'),
('2025-01-15 12:53:00', 'Entrada', NULL, '099.888.777-66'),
('2025-01-15 16:55:00', 'Saída', NULL, '099.888.777-66'),
('2025-01-15 07:56:00', 'Entrada', NULL, '134.341.431-11'),
('2025-01-15 12:06:00', 'Saída', 'Intervalo para almoço', '134.341.431-11'),
('2025-01-15 12:51:00', 'Entrada', NULL, '134.341.431-11'),
('2025-01-15 17:10:00', 'Saída', NULL, '134.341.431-11'),
('2025-01-16 08:01:00', 'Entrada', NULL, '108.801.888-11'),
('2025-01-16 11:52:00', 'Saída', 'Intervalo para almoço', '108.801.888-11'),
('2025-01-16 13:03:00', 'Entrada', NULL, '108.801.888-11'),
('2025-01-16 16:50:00', 'Saída', NULL, '108.801.888-11'),
('2025-01-16 07:56:00', 'Entrada', NULL, '077.321.654-00'),
('2025-01-16 12:08:00', 'Saída', 'Intervalo para almoço', '077.321.654-00'),
('2025-01-16 13:00:00', 'Entrada', NULL, '077.321.654-00'),
('2025-01-16 16:55:00', 'Saída', NULL, '077.321.654-00'),
('2025-01-16 07:57:00', 'Entrada', NULL, '014.140.410-44'),
('2025-01-16 11:54:00', 'Saída', 'Intervalo para almoço', '014.140.410-44'),
('2025-01-16 12:52:00', 'Entrada', NULL, '014.140.410-44'),
('2025-01-16 17:07:00', 'Saída', NULL, '014.140.410-44'),
('2025-01-16 08:08:00', 'Entrada', NULL, '099.888.777-66'),
('2025-01-16 12:00:00', 'Saída', 'Intervalo para almoço', '099.888.777-66'),
('2025-01-16 12:56:00', 'Entrada', NULL, '099.888.777-66'),
('2025-01-16 16:58:00', 'Saída', NULL, '099.888.777-66'),
('2025-01-16 08:09:00', 'Entrada', NULL, '134.341.431-11'),
('2025-01-16 11:54:00', 'Saída', 'Intervalo para almoço', '134.341.431-11'),
('2025-01-16 13:01:00', 'Entrada', NULL, '134.341.431-11'),
('2025-01-16 17:08:00', 'Saída', NULL, '134.341.431-11'),
('2025-01-17 07:58:00', 'Entrada', NULL, '108.801.888-11'),
('2025-01-17 11:54:00', 'Saída', 'Intervalo para almoço', '108.801.888-11'),
('2025-01-17 12:53:00', 'Entrada', NULL, '108.801.888-11'),
('2025-01-17 16:57:00', 'Saída', NULL, '108.801.888-11'),
('2025-01-17 08:04:00', 'Entrada', NULL, '077.321.654-00'),
('2025-01-17 12:05:00', 'Saída', 'Intervalo para almoço', '077.321.654-00'),
('2025-01-17 12:59:00', 'Entrada', NULL, '077.321.654-00'),
('2025-01-17 17:02:00', 'Saída', NULL, '077.321.654-00'),
('2025-01-17 08:05:00', 'Entrada', NULL, '014.140.410-44'),
('2025-01-17 11:51:00', 'Saída', 'Intervalo para almoço', '014.140.410-44'),
('2025-01-17 13:01:00', 'Entrada', NULL, '014.140.410-44'),
('2025-01-17 17:02:00', 'Saída', NULL, '014.140.410-44'),
('2025-01-17 07:51:00', 'Entrada', NULL, '099.888.777-66'),
('2025-01-17 12:09:00', 'Saída', 'Intervalo para almoço', '099.888.777-66'),
('2025-01-17 12:52:00', 'Entrada', NULL, '099.888.777-66'),
('2025-01-17 16:56:00', 'Saída', NULL, '099.888.777-66'),
('2025-01-17 08:10:00', 'Entrada', NULL, '134.341.431-11'),
('2025-01-17 12:09:00', 'Saída', 'Intervalo para almoço', '134.341.431-11'),
('2025-01-17 13:01:00', 'Entrada', NULL, '134.341.431-11'),
('2025-01-17 16:50:00', 'Saída', NULL, '134.341.431-11'),
('2025-01-20 08:00:00', 'Entrada', NULL, '108.801.888-11'),
('2025-01-20 12:01:00', 'Saída', 'Intervalo para almoço', '108.801.888-11'),
('2025-01-20 13:03:00', 'Entrada', NULL, '108.801.888-11'),
('2025-01-20 16:58:00', 'Saída', NULL, '108.801.888-11'),
('2025-01-20 07:50:00', 'Entrada', NULL, '077.321.654-00'),
('2025-01-20 11:58:00', 'Saída', 'Intervalo para almoço', '077.321.654-00'),
('2025-01-20 13:03:00', 'Entrada', NULL, '077.321.654-00'),
('2025-01-20 17:07:00', 'Saída', NULL, '077.321.654-00'),
('2025-01-20 07:52:00', 'Entrada', NULL, '014.140.410-44'),
('2025-01-20 12:04:00', 'Saída', 'Intervalo para almoço', '014.140.410-44'),
('2025-01-20 12:50:00', 'Entrada', NULL, '014.140.410-44'),
('2025-01-20 17:10:00', 'Saída', NULL, '014.140.410-44'),
('2025-01-20 07:51:00', 'Entrada', NULL, '099.888.777-66'),
('2025-01-20 11:58:00', 'Saída', 'Intervalo para almoço', '099.888.777-66'),
('2025-01-20 12:59:00', 'Entrada', NULL, '099.888.777-66'),
('2025-01-20 17:03:00', 'Saída', NULL, '099.888.777-66'),
('2025-01-20 08:00:00', 'Entrada', NULL, '134.341.431-11'),
('2025-01-20 12:06:00', 'Saída', 'Intervalo para almoço', '134.341.431-11'),
('2025-01-20 13:01:00', 'Entrada', NULL, '134.341.431-11'),
('2025-01-20 17:02:00', 'Saída', NULL, '134.341.431-11'),
('2025-01-21 08:06:00', 'Entrada', NULL, '108.801.888-11'),
('2025-01-21 12:08:00', 'Saída', 'Intervalo para almoço', '108.801.888-11'),
('2025-01-21 12:56:00', 'Entrada', NULL, '108.801.888-11'),
('2025-01-21 17:07:00', 'Saída', NULL, '108.801.888-11'),
('2025-01-21 08:05:00', 'Entrada', NULL, '077.321.654-00'),
('2025-01-21 12:01:00', 'Saída', 'Intervalo para almoço', '077.321.654-00'),
('2025-01-21 13:07:00', 'Entrada', NULL, '077.321.654-00'),
('2025-01-21 17:10:00', 'Saída', NULL, '077.321.654-00'),
('2025-01-21 08:08:00', 'Entrada', NULL, '014.140.410-44'),
('2025-01-21 11:51:00', 'Saída', 'Intervalo para almoço', '014.140.410-44'),
('2025-01-21 12:56:00', 'Entrada', NULL, '014.140.410-44'),
('2025-01-21 17:06:00', 'Saída', NULL, '014.140.410-44'),
('2025-01-21 07:53:00', 'Entrada', NULL, '099.888.777-66'),
('2025-01-21 11:53:00', 'Saída', 'Intervalo para almoço', '099.888.777-66'),
('2025-01-21 13:06:00', 'Entrada', NULL, '099.888.777-66'),
('2025-01-21 17:10:00', 'Saída', NULL, '099.888.777-66'),
('2025-01-21 08:05:00', 'Entrada', NULL, '134.341.431-11'),
('2025-01-21 11:50:00', 'Saída', 'Intervalo para almoço', '134.341.431-11'),
('2025-01-21 12:55:00', 'Entrada', NULL, '134.341.431-11'),
('2025-01-21 17:04:00', 'Saída', NULL, '134.341.431-11'),
('2025-01-22 08:06:00', 'Entrada', NULL, '108.801.888-11'),
('2025-01-22 12:04:00', 'Saída', 'Intervalo para almoço', '108.801.888-11'),
('2025-01-22 12:51:00', 'Entrada', NULL, '108.801.888-11'),
('2025-01-22 16:59:00', 'Saída', NULL, '108.801.888-11'),
('2025-01-22 07:51:00', 'Entrada', NULL, '077.321.654-00'),
('2025-01-22 11:57:00', 'Saída', 'Intervalo para almoço', '077.321.654-00'),
('2025-01-22 13:06:00', 'Entrada', NULL, '077.321.654-00'),
('2025-01-22 17:01:00', 'Saída', NULL, '077.321.654-00'),
('2025-01-22 07:54:00', 'Entrada', NULL, '014.140.410-44'),
('2025-01-22 12:05:00', 'Saída', 'Intervalo para almoço', '014.140.410-44'),
('2025-01-22 12:54:00', 'Entrada', NULL, '014.140.410-44'),
('2025-01-22 16:57:00', 'Saída', NULL, '014.140.410-44'),
('2025-01-22 08:00:00', 'Entrada', NULL, '099.888.777-66'),
('2025-01-22 11:54:00', 'Saída', 'Intervalo para almoço', '099.888.777-66'),
('2025-01-22 13:03:00', 'Entrada', NULL, '099.888.777-66'),
('2025-01-22 17:07:00', 'Saída', NULL, '099.888.777-66'),
('2025-01-22 08:03:00', 'Entrada', NULL, '134.341.431-11'),
('2025-01-22 12:08:00', 'Saída', 'Intervalo para almoço', '134.341.431-11'),
('2025-01-22 13:02:00', 'Entrada', NULL, '134.341.431-11'),
('2025-01-22 16:53:00', 'Saída', NULL, '134.341.431-11'),
('2025-01-23 07:56:00', 'Entrada', NULL, '108.801.888-11'),
('2025-01-23 11:56:00', 'Saída', 'Intervalo para almoço', '108.801.888-11'),
('2025-01-23 12:56:00', 'Entrada', NULL, '108.801.888-11'),
('2025-01-23 17:00:00', 'Saída', NULL, '108.801.888-11'),
('2025-01-23 07:51:00', 'Entrada', NULL, '077.321.654-00'),
('2025-01-23 12:04:00', 'Saída', 'Intervalo para almoço', '077.321.654-00'),
('2025-01-23 12:55:00', 'Entrada', NULL, '077.321.654-00'),
('2025-01-23 17:09:00', 'Saída', NULL, '077.321.654-00'),
('2025-01-23 08:08:00', 'Entrada', NULL, '014.140.410-44'),
('2025-01-23 11:51:00', 'Saída', 'Intervalo para almoço', '014.140.410-44'),
('2025-01-23 12:55:00', 'Entrada', NULL, '014.140.410-44'),
('2025-01-23 16:50:00', 'Saída', NULL, '014.140.410-44'),
('2025-01-23 07:53:00', 'Entrada', NULL, '099.888.777-66'),
('2025-01-23 12:07:00', 'Saída', 'Intervalo para almoço', '099.888.777-66'),
('2025-01-23 12:59:00', 'Entrada', NULL, '099.888.777-66'),
('2025-01-23 17:02:00', 'Saída', NULL, '099.888.777-66'),
('2025-01-23 08:02:00', 'Entrada', NULL, '134.341.431-11'),
('2025-01-23 12:09:00', 'Saída', 'Intervalo para almoço', '134.341.431-11'),
('2025-01-23 13:09:00', 'Entrada', NULL, '134.341.431-11'),
('2025-01-23 16:55:00', 'Saída', NULL, '134.341.431-11'),
('2025-01-24 08:09:00', 'Entrada', NULL, '108.801.888-11'),
('2025-01-24 11:57:00', 'Saída', 'Intervalo para almoço', '108.801.888-11'),
('2025-01-24 13:00:00', 'Entrada', NULL, '108.801.888-11'),
('2025-01-24 17:02:00', 'Saída', NULL, '108.801.888-11'),
('2025-01-24 08:10:00', 'Entrada', NULL, '077.321.654-00'),
('2025-01-24 11:59:00', 'Saída', 'Intervalo para almoço', '077.321.654-00'),
('2025-01-24 12:55:00', 'Entrada', NULL, '077.321.654-00'),
('2025-01-24 17:00:00', 'Saída', NULL, '077.321.654-00'),
('2025-01-24 07:58:00', 'Entrada', NULL, '014.140.410-44'),
('2025-01-24 12:06:00', 'Saída', 'Intervalo para almoço', '014.140.410-44'),
('2025-01-24 12:59:00', 'Entrada', NULL, '014.140.410-44'),
('2025-01-24 16:56:00', 'Saída', NULL, '014.140.410-44'),
('2025-01-24 07:53:00', 'Entrada', NULL, '099.888.777-66'),
('2025-01-24 12:04:00', 'Saída', 'Intervalo para almoço', '099.888.777-66'),
('2025-01-24 13:07:00', 'Entrada', NULL, '099.888.777-66'),
('2025-01-24 17:02:00', 'Saída', NULL, '099.888.777-66'),
('2025-01-24 07:53:00', 'Entrada', NULL, '134.341.431-11'),
('2025-01-24 11:59:00', 'Saída', 'Intervalo para almoço', '134.341.431-11'),
('2025-01-24 12:53:00', 'Entrada', NULL, '134.341.431-11'),
('2025-01-24 17:05:00', 'Saída', NULL, '134.341.431-11'),
('2025-01-27 07:51:00', 'Entrada', NULL, '108.801.888-11'),
('2025-01-27 12:04:00', 'Saída', 'Intervalo para almoço', '108.801.888-11'),
('2025-01-27 13:06:00', 'Entrada', NULL, '108.801.888-11'),
('2025-01-27 17:06:00', 'Saída', NULL, '108.801.888-11'),
('2025-01-27 08:10:00', 'Entrada', NULL, '077.321.654-00'),
('2025-01-27 12:04:00', 'Saída', 'Intervalo para almoço', '077.321.654-00'),
('2025-01-27 13:08:00', 'Entrada', NULL, '077.321.654-00'),
('2025-01-27 17:08:00', 'Saída', NULL, '077.321.654-00'),
('2025-01-27 07:51:00', 'Entrada', NULL, '014.140.410-44'),
('2025-01-27 11:50:00', 'Saída', 'Intervalo para almoço', '014.140.410-44'),
('2025-01-27 13:07:00', 'Entrada', NULL, '014.140.410-44'),
('2025-01-27 16:51:00', 'Saída', NULL, '014.140.410-44'),
('2025-01-27 07:58:00', 'Entrada', NULL, '099.888.777-66'),
('2025-01-27 11:53:00', 'Saída', 'Intervalo para almoço', '099.888.777-66'),
('2025-01-27 12:58:00', 'Entrada', NULL, '099.888.777-66'),
('2025-01-27 16:54:00', 'Saída', NULL, '099.888.777-66'),
('2025-01-27 08:08:00', 'Entrada', NULL, '134.341.431-11'),
('2025-01-27 11:54:00', 'Saída', 'Intervalo para almoço', '134.341.431-11'),
('2025-01-27 13:06:00', 'Entrada', NULL, '134.341.431-11'),
('2025-01-27 16:59:00', 'Saída', NULL, '134.341.431-11'),
('2025-01-28 08:01:00', 'Entrada', NULL, '108.801.888-11'),
('2025-01-28 12:06:00', 'Saída', 'Intervalo para almoço', '108.801.888-11'),
('2025-01-28 12:57:00', 'Entrada', NULL, '108.801.888-11'),
('2025-01-28 17:09:00', 'Saída', NULL, '108.801.888-11'),
('2025-01-28 08:00:00', 'Entrada', NULL, '077.321.654-00'),
('2025-01-28 11:58:00', 'Saída', 'Intervalo para almoço', '077.321.654-00'),
('2025-01-28 12:54:00', 'Entrada', NULL, '077.321.654-00'),
('2025-01-28 16:56:00', 'Saída', NULL, '077.321.654-00'),
('2025-01-28 08:03:00', 'Entrada', NULL, '014.140.410-44'),
('2025-01-28 11:52:00', 'Saída', 'Intervalo para almoço', '014.140.410-44'),
('2025-01-28 12:56:00', 'Entrada', NULL, '014.140.410-44'),
('2025-01-28 16:56:00', 'Saída', NULL, '014.140.410-44'),
('2025-01-28 08:07:00', 'Entrada', NULL, '099.888.777-66'),
('2025-01-28 12:07:00', 'Saída', 'Intervalo para almoço', '099.888.777-66'),
('2025-01-28 12:53:00', 'Entrada', NULL, '099.888.777-66'),
('2025-01-28 16:59:00', 'Saída', NULL, '099.888.777-66'),
('2025-01-28 07:59:00', 'Entrada', NULL, '134.341.431-11'),
('2025-01-28 11:51:00', 'Saída', 'Intervalo para almoço', '134.341.431-11'),
('2025-01-28 13:04:00', 'Entrada', NULL, '134.341.431-11'),
('2025-01-28 17:08:00', 'Saída', NULL, '134.341.431-11'),
('2025-01-29 08:10:00', 'Entrada', NULL, '108.801.888-11'),
('2025-01-29 11:56:00', 'Saída', 'Intervalo para almoço', '108.801.888-11'),
('2025-01-29 12:53:00', 'Entrada', NULL, '108.801.888-11'),
('2025-01-29 16:57:00', 'Saída', NULL, '108.801.888-11'),
('2025-01-29 07:58:00', 'Entrada', NULL, '077.321.654-00'),
('2025-01-29 11:52:00', 'Saída', 'Intervalo para almoço', '077.321.654-00'),
('2025-01-29 12:58:00', 'Entrada', NULL, '077.321.654-00'),
('2025-01-29 17:00:00', 'Saída', NULL, '077.321.654-00'),
('2025-01-29 08:05:00', 'Entrada', NULL, '014.140.410-44'),
('2025-01-29 11:58:00', 'Saída', 'Intervalo para almoço', '014.140.410-44'),
('2025-01-29 12:53:00', 'Entrada', NULL, '014.140.410-44'),
('2025-01-29 17:05:00', 'Saída', NULL, '014.140.410-44'),
('2025-01-29 08:00:00', 'Entrada', NULL, '099.888.777-66'),
('2025-01-29 11:59:00', 'Saída', 'Intervalo para almoço', '099.888.777-66'),
('2025-01-29 13:01:00', 'Entrada', NULL, '099.888.777-66'),
('2025-01-29 17:03:00', 'Saída', NULL, '099.888.777-66'),
('2025-01-29 08:02:00', 'Entrada', NULL, '134.341.431-11'),
('2025-01-29 12:02:00', 'Saída', 'Intervalo para almoço', '134.341.431-11'),
('2025-01-29 12:58:00', 'Entrada', NULL, '134.341.431-11'),
('2025-01-29 16:50:00', 'Saída', NULL, '134.341.431-11'),
('2025-01-30 08:06:00', 'Entrada', NULL, '108.801.888-11'),
('2025-01-30 11:53:00', 'Saída', 'Intervalo para almoço', '108.801.888-11'),
('2025-01-30 13:06:00', 'Entrada', NULL, '108.801.888-11'),
('2025-01-30 17:03:00', 'Saída', NULL, '108.801.888-11'),
('2025-01-30 07:50:00', 'Entrada', NULL, '077.321.654-00'),
('2025-01-30 12:05:00', 'Saída', 'Intervalo para almoço', '077.321.654-00'),
('2025-01-30 12:53:00', 'Entrada', NULL, '077.321.654-00'),
('2025-01-30 16:55:00', 'Saída', NULL, '077.321.654-00'),
('2025-01-30 08:07:00', 'Entrada', NULL, '014.140.410-44'),
('2025-01-30 12:01:00', 'Saída', 'Intervalo para almoço', '014.140.410-44'),
('2025-01-30 13:10:00', 'Entrada', NULL, '014.140.410-44'),
('2025-01-30 16:50:00', 'Saída', NULL, '014.140.410-44'),
('2025-01-30 07:55:00', 'Entrada', NULL, '099.888.777-66'),
('2025-01-30 12:08:00', 'Saída', 'Intervalo para almoço', '099.888.777-66'),
('2025-01-30 13:09:00', 'Entrada', NULL, '099.888.777-66'),
('2025-01-30 16:57:00', 'Saída', NULL, '099.888.777-66'),
('2025-01-30 08:10:00', 'Entrada', NULL, '134.341.431-11'),
('2025-01-30 12:03:00', 'Saída', 'Intervalo para almoço', '134.341.431-11'),
('2025-01-30 13:04:00', 'Entrada', NULL, '134.341.431-11'),
('2025-01-30 16:51:00', 'Saída', NULL, '134.341.431-11'),
('2025-01-31 08:05:00', 'Entrada', NULL, '108.801.888-11'),
('2025-01-31 12:02:00', 'Saída', 'Intervalo para almoço', '108.801.888-11'),
('2025-01-31 13:01:00', 'Entrada', NULL, '108.801.888-11'),
('2025-01-31 17:02:00', 'Saída', NULL, '108.801.888-11'),
('2025-01-31 08:06:00', 'Entrada', NULL, '077.321.654-00'),
('2025-01-31 11:56:00', 'Saída', 'Intervalo para almoço', '077.321.654-00'),
('2025-01-31 12:56:00', 'Entrada', NULL, '077.321.654-00'),
('2025-01-31 16:59:00', 'Saída', NULL, '077.321.654-00'),
('2025-01-31 07:54:00', 'Entrada', NULL, '014.140.410-44'),
('2025-01-31 12:07:00', 'Saída', 'Intervalo para almoço', '014.140.410-44'),
('2025-01-31 13:04:00', 'Entrada', NULL, '014.140.410-44'),
('2025-01-31 17:08:00', 'Saída', NULL, '014.140.410-44'),
('2025-01-31 08:02:00', 'Entrada', NULL, '099.888.777-66'),
('2025-01-31 12:03:00', 'Saída', 'Intervalo para almoço', '099.888.777-66'),
('2025-01-31 12:51:00', 'Entrada', NULL, '099.888.777-66'),
('2025-01-31 17:03:00', 'Saída', NULL, '099.888.777-66'),
('2025-01-31 08:07:00', 'Entrada', NULL, '134.341.431-11'),
('2025-01-31 12:10:00', 'Saída', 'Intervalo para almoço', '134.341.431-11'),
('2025-01-31 12:54:00', 'Entrada', NULL, '134.341.431-11'),
('2025-01-31 16:59:00', 'Saída', NULL, '134.341.431-11');

INSERT INTO Ferias (anoRef, dataInicio, qtdDias, valor, status, Funcionario_CPF) VALUES
(2022, '2022-01-10', 30, 002500.00, 'Aprovado', '108.801.888-11'),
(2023, '2023-01-15', 20, 002200.00, 'Aprovado', '108.801.888-11'),
(2024, '2024-02-01', 15, 002800.00, 'Aprovado', '108.801.888-11'),
(2025, '2025-03-05', 20, 003000.00, 'Em andamento', '108.801.888-11'),
(2022, '2022-07-10', 30, 003200.00, 'Aprovado', '108.801.888-11'),
(2023, '2023-07-15', 20, 002400.00, 'Programado', '108.801.888-11'),
(2024, '2024-08-01', 25, 004000.00, 'Aprovado', '108.801.888-11'),
(2025, '2025-08-05', 20, 003600.00, 'Pendente', '108.801.888-11'),
(2023, '2023-11-10', 15, 002300.00, 'Aprovado', '108.801.888-11'),
(2024, '2024-12-01', 30, 004200.00, 'Aprovado', '108.801.888-11'),

(2022, '2022-01-05', 20, 002100.00, 'Aprovado', '077.321.654-00'),
(2023, '2023-02-12', 30, 003400.00, 'Aprovado', '077.321.654-00'),
(2024, '2024-03-01', 15, 002800.00, 'Programado', '077.321.654-00'),
(2025, '2025-04-07', 25, 003700.00, 'Em andamento', '077.321.654-00'),
(2022, '2022-07-20', 30, 004000.00, 'Aprovado', '077.321.654-00'),
(2023, '2023-08-01', 20, 002600.00, 'Aprovado', '077.321.654-00'),
(2024, '2024-09-15', 25, 003500.00, 'Aprovado', '077.321.654-00'),
(2025, '2025-10-10', 15, 002200.00, 'Programado', '077.321.654-00'),
(2023, '2023-12-05', 30, 004300.00, 'Aprovado', '077.321.654-00'),
(2024, '2024-12-20', 20, 002900.00, 'Aprovado', '077.321.654-00'),

(2022, '2022-02-01', 30, 003200.00, 'Aprovado', '014.140.410-44'),
(2023, '2023-03-05', 15, 002100.00, 'Pendente', '014.140.410-44'),
(2024, '2024-04-10', 25, 003800.00, 'Aprovado', '014.140.410-44'),
(2025, '2025-05-15', 20, 002900.00, 'Em andamento', '014.140.410-44'),
(2022, '2022-08-01', 20, 002400.00, 'Aprovado', '014.140.410-44'),
(2023, '2023-08-20', 30, 004400.00, 'Aprovado', '014.140.410-44'),
(2024, '2024-09-25', 15, 002600.00, 'Programado', '014.140.410-44'),
(2025, '2025-10-15', 25, 003900.00, 'Aprovado', '014.140.410-44'),
(2023, '2023-11-25', 20, 003000.00, 'Aprovado', '014.140.410-44'),
(2024, '2024-12-28', 30, 004500.00, 'Aprovado', '014.140.410-44'),

(2022, '2022-01-20', 15, 002300.00, 'Aprovado', '099.888.777-66'),
(2023, '2023-02-18', 25, 003200.00, 'Aprovado', '099.888.777-66'),
(2024, '2024-03-22', 20, 002800.00, 'Programado', '099.888.777-66'),
(2025, '2025-04-28', 30, 004200.00, 'Em andamento', '099.888.777-66'),
(2022, '2022-06-10', 25, 003600.00, 'Aprovado', '099.888.777-66'),
(2023, '2023-07-12', 15, 002100.00, 'Aprovado', '099.888.777-66'),
(2024, '2024-08-14', 20, 002700.00, 'Programado', '099.888.777-66'),
(2025, '2025-09-16', 30, 004400.00, 'Aprovado', '099.888.777-66'),
(2023, '2023-10-20', 20, 002900.00, 'Aprovado', '099.888.777-66'),
(2024, '2024-11-22', 25, 003800.00, 'Aprovado', '099.888.777-66'),

(2022, '2022-01-25', 30, 003100.00, 'Aprovado', '134.341.431-11'),
(2023, '2023-02-28', 20, 002600.00, 'Aprovado', '134.341.431-11'),
(2024, '2024-04-02', 25, 003700.00, 'Programado', '134.341.431-11'),
(2025, '2025-05-05', 30, 004300.00, 'Em andamento', '134.341.431-11'),
(2022, '2022-06-15', 15, 002200.00, 'Aprovado', '134.341.431-11'),
(2023, '2023-07-18', 25, 003900.00, 'Aprovado', '134.341.431-11'),
(2024, '2024-08-21', 30, 004500.00, 'Aprovado', '134.341.431-11'),
(2025, '2025-09-23', 20, 002700.00, 'Programado', '134.341.431-11'),
(2023, '2023-10-27', 25, 003800.00, 'Aprovado', '134.341.431-11'),
(2024, '2024-11-29', 15, 002400.00, 'Aprovado', '134.341.431-11');









